Epoch,Training_Loss,Training_Accuracy,Validation_Loss,Validation_Accuracy,Training_Time,Validation_Time
1,0.6922796103117385,0.5422264875239922,0.6919773431519858,0.5505438259756884,0:23:13,0:03:40
2,0.6899637809870568,0.5481268216392974,0.6927666224048294,0.5505438259756884,0:22:48,0:03:28
3,0.6903190241296756,0.5463496125684223,0.6928050619474375,0.5505438259756884,0:22:52,0:03:28
