Epoch,Training_Loss,Training_Accuracy,Validation_Loss,Validation_Accuracy,Training_Time,Validation_Time
1,0.7332916234692014,0.5207222577664044,0.690299184598453,0.5505438259756884,0:23:13,0:03:40
2,0.7181085157169415,0.5246676619037474,0.6881769241160943,0.5505438259756884,0:23:09,0:03:31
3,0.6947911486814565,0.5352598279661637,0.6881945672816218,0.5505438259756884,0:23:19,0:03:31
