Epoch,Training_Loss,Training_Accuracy,Validation_Loss,Validation_Accuracy,Training_Time,Validation_Time
1,0.5411909525160531,0.7408829174664169,0.5526827816194209,0.7957986777564484,0:22:58,0:03:31
2,0.43562184224194395,0.8416862159664603,0.7280955077409661,0.8041160162081457,0:23:02,0:03:31
3,0.4053946839698933,0.8910570839553688,0.8961260118773499,0.8058221369161853,0:23:03,0:03:30
