Epoch,Training_Loss,Training_Accuracy,Validation_Loss,Validation_Accuracy,Training_Time,Validation_Time
1,0.6935364346840814,0.5346378047913564,0.6895902786053532,0.5449989336745578,0:23:12,0:04:11
2,0.6916323925773074,0.5401826970924858,0.690741582665776,0.5449989336745578,0:23:15,0:04:10
3,0.6909990395645923,0.5396850785526413,0.6906455546255228,0.5449989336745578,0:23:14,0:04:10
