Epoch,Training_Loss,Training_Accuracy,Validation_Loss,Validation_Accuracy,Training_Time,Validation_Time
1,0.6964606569885674,0.5307457169261395,0.6941500557437587,0.5505438259756884,0:24:35,0:04:38
2,0.692889630800881,0.535650813961755,0.6919598783046408,0.5505438259756884,0:24:40,0:04:25
3,0.691845316238865,0.5411246179000518,0.6894100336256656,0.5505438259756884,0:24:37,0:04:25
