Epoch,Training_Loss,Training_Accuracy,Validation_Loss,Validation_Accuracy,Training_Time,Validation_Time
1,0.6978100073676954,0.5303369588398377,0.6906538763567949,0.5449989336745578,0:23:19,0:04:13
2,0.6772934567905433,0.5767221155896786,0.6354827856262448,0.6474514821923651,0:23:24,0:04:12
3,0.6082027700584081,0.6914231890239615,0.5819315298085631,0.7103220302836442,0:23:24,0:04:12
