Epoch,Training_Loss,Training_Accuracy,Validation_Loss,Validation_Accuracy,Training_Time,Validation_Time
1,0.6234624187215149,0.6731357076846523,0.569579080119014,0.7156110044785658,0:23:27,0:04:14
2,0.586125981503584,0.7171038600981049,0.5788047096131326,0.7281936447003612,0:23:29,0:04:13
3,0.5538261570290643,0.7432999218028051,0.5868053947475882,0.7334186393687353,0:23:32,0:04:14
