Epoch,Training_Loss,Training_Accuracy,Validation_Loss,Validation_Accuracy,Training_Time,Validation_Time
1,0.7036403707919993,0.5228904528328709,0.695645679439098,0.5505438259756884,0:23:09,0:04:11
2,0.6981664185814828,0.5278666382313211,0.6924120297206188,0.5505438259756884,0:23:15,0:04:10
3,0.697936731923946,0.5274401080543116,0.6920205894678888,0.5505438259756884,0:23:15,0:04:10
