Epoch,Training_Loss,Training_Accuracy,Validation_Loss,Validation_Accuracy,Training_Time,Validation_Time
1,0.7056942173643492,0.5197625648681327,0.6898536507853009,0.5449989336745578,0:23:02,0:04:21
2,0.7018185694237004,0.5261072012511553,0.6904425112314889,0.5449989336745578,0:23:05,0:04:09
3,0.7004451048058928,0.5293594938508559,0.6911782236032126,0.5449989336745578,0:23:05,0:04:08
