,Epoch,Training Loss,Valid. Loss,Valid. Accur.,Training Time,Validation Time
0,1,0.4969772314448053,0.4077041426842863,0.8066590272472626,1:40:56,0:02:59
